Patient,Session,Hemisphere,Region1,Region2,Channel1,Channel2,Sign,Cluster1,Cluster2,x_peak,percentile_x_peak,y_peak,significant,asymmetry,stage,frequcutoff,mergemethod,utype
703,1,L,PHC,PHC,26,27,pos,2,3,-187,3.00000000,1,False,0.02127660,3,stage,binned,is_selective
703,1,L,PHC,PHC,26,28,pos,2,1,-82,4.00000000,2,False,0.03056769,3,stage,binned,is_selective
703,1,L,PHC,PHC,26,30,pos,2,1,-250,2.00000000,0,False,0.07936508,3,stage,binned,is_selective
703,1,L,PHC,PHC,26,30,pos,2,2,44,3.00000000,1,False,0.15555556,3,stage,binned,is_selective
703,1,L,PHC,PHC,26,31,pos,2,2,-250,3.00000000,0,False,0.13333333,3,stage,binned,is_selective
703,1,L,PHC,PHC,26,31,pos,2,4,-250,2.00000000,0,False,0.40000000,3,stage,binned,is_selective
703,1,L,PHC,PHC,27,28,pos,3,1,-217,5.00000000,2,False,-0.00358423,3,stage,binned,is_selective
703,1,L,PHC,PHC,27,30,pos,3,1,-250,2.00000000,0,False,0.16666667,3,stage,binned,is_selective
703,1,L,PHC,PHC,27,30,pos,3,2,-109,3.00000000,1,False,-0.02325581,3,stage,binned,is_selective
703,1,L,PHC,PHC,27,31,pos,3,2,-118,3.00000000,1,False,-0.03846154,3,stage,binned,is_selective
703,1,L,PHC,PHC,27,31,pos,3,4,-250,2.00000000,0,False,0.17391304,3,stage,binned,is_selective
703,1,L,PHC,PHC,28,30,pos,1,1,-175,3.00000000,1,False,-0.08943089,3,stage,binned,is_selective
703,1,L,PHC,PHC,28,30,pos,1,2,-160,3.00000000,1,False,0.02189781,3,stage,binned,is_selective
703,1,L,PHC,PHC,28,31,pos,1,2,-16,4.00000000,2,False,-0.00478469,3,stage,binned,is_selective
703,1,L,PHC,PHC,28,31,pos,1,4,-250,3.00000000,1,False,0.03571429,3,stage,binned,is_selective
703,1,L,PHC,PHC,30,31,pos,1,2,-250,1.00000000,0,False,-0.03448276,3,stage,binned,is_selective
703,1,L,PHC,PHC,30,31,pos,1,4,-250,1.00000000,0,False,-0.18181818,3,stage,binned,is_selective
703,1,L,PHC,PHC,30,31,pos,2,2,-7,2.00000000,1,False,0.28813559,3,stage,binned,is_selective
703,1,L,PHC,PHC,30,31,pos,2,4,-250,1.00000000,0,False,-0.04347826,3,stage,binned,is_selective
703,1,R,PHC,PHC,59,64,pos,1,1,-250,1.00000000,0,False,-0.20000000,3,stage,binned,is_selective
709,2,L,PHC,PHC,41,43,pos,1,1,62,345.00000000,339,False,0.00077976,3,stage,binned,is_selective
709,2,L,PHC,PHC,41,43,pos,1,2,23,393.00000000,392,False,0.02766624,3,stage,binned,is_selective
709,2,L,PHC,PHC,41,43,pos,1,3,14,201.00000000,196,False,0.03204131,3,stage,binned,is_selective
709,2,L,PHC,PHC,41,44,pos,1,1,56,300.00000000,276,False,0.01072489,3,stage,binned,is_selective
709,2,L,PHC,PHC,41,44,pos,1,2,146,108.00000000,89,False,0.01983763,3,stage,binned,is_selective
709,2,L,PHC,PHC,41,44,pos,1,3,-25,114.00000000,100,False,0.00138660,3,stage,binned,is_selective
709,2,L,PHC,PHC,41,45,pos,1,2,-22,432.01000000,442,True,-0.03960026,3,stage,binned,is_selective
709,2,L,PHC,PHC,41,45,pos,1,3,-19,319.00000000,321,True,-0.04589911,3,stage,binned,is_selective
709,2,L,PHC,PHC,41,45,pos,1,4,-22,379.00000000,386,True,-0.04189435,3,stage,binned,is_selective
709,2,L,PHC,PHC,41,45,pos,1,5,14,78.00000000,71,False,-0.06775283,3,stage,binned,is_selective
709,2,L,PHC,PHC,41,43,pos,2,1,110,119.00000000,112,False,0.02605940,3,stage,binned,is_selective
709,2,L,PHC,PHC,41,43,pos,2,2,53,142.00000000,133,False,0.02652918,3,stage,binned,is_selective
709,2,L,PHC,PHC,41,43,pos,2,3,35,75.00000000,62,False,0.04566357,3,stage,binned,is_selective
709,2,L,PHC,PHC,41,44,pos,2,1,146,104.00000000,94,False,0.00427056,3,stage,binned,is_selective
709,2,L,PHC,PHC,41,44,pos,2,2,-211,42.00000000,32,False,0.00779111,3,stage,binned,is_selective
709,2,L,PHC,PHC,41,44,pos,2,3,38,43.00000000,33,False,0.00916684,3,stage,binned,is_selective
709,2,L,PHC,PHC,41,45,pos,2,2,5,162.00000000,161,False,-0.03527674,3,stage,binned,is_selective
709,2,L,PHC,PHC,41,45,pos,2,3,-22,121.00000000,120,False,-0.03228951,3,stage,binned,is_selective
709,2,L,PHC,PHC,41,45,pos,2,4,-25,142.00000000,134,False,-0.01381272,3,stage,binned,is_selective
709,2,L,PHC,PHC,41,45,pos,2,5,-112,33.00000000,26,False,-0.01074676,3,stage,binned,is_selective
709,2,L,PHC,PHC,43,44,pos,1,1,62,145.00000000,131,False,0.00344744,3,stage,binned,is_selective
709,2,L,PHC,PHC,43,44,pos,1,2,218,56.00000000,45,False,0.02085781,3,stage,binned,is_selective
709,2,L,PHC,PHC,43,44,pos,1,3,116,57.00000000,46,False,0.01749396,3,stage,binned,is_selective
709,2,L,PHC,PHC,43,45,pos,1,2,86,115.00000000,103,False,0.00012516,3,stage,binned,is_selective
709,2,L,PHC,PHC,43,45,pos,1,3,-115,75.00000000,62,False,-0.00340031,3,stage,binned,is_selective
709,2,L,PHC,PHC,43,45,pos,1,4,-175,79.00000000,73,False,-0.00635158,3,stage,binned,is_selective
709,2,L,PHC,PHC,43,45,pos,1,5,-181,19.00000000,12,False,-0.00056402,3,stage,binned,is_selective
709,2,L,PHC,PHC,43,44,pos,2,1,53,162.00000000,156,False,0.00483850,3,stage,binned,is_selective
709,2,L,PHC,PHC,43,44,pos,2,2,119,60.00000000,51,False,0.05177994,3,stage,binned,is_selective
709,2,L,PHC,PHC,43,44,pos,2,3,-43,65.00000000,53,False,0.00719603,3,stage,binned,is_selective
709,2,L,PHC,PHC,43,45,pos,2,2,44,144.00000000,132,False,0.00139679,3,stage,binned,is_selective
709,2,L,PHC,PHC,43,45,pos,2,3,-31,89.00000000,77,False,-0.00895625,3,stage,binned,is_selective
709,2,L,PHC,PHC,43,45,pos,2,4,-67,97.00000000,84,False,-0.02504667,3,stage,binned,is_selective
709,2,L,PHC,PHC,43,45,pos,2,5,38,23.00000000,16,False,0.01483680,3,stage,binned,is_selective
709,2,L,PHC,PHC,43,44,pos,3,1,113,74.00000000,67,False,-0.00461826,3,stage,binned,is_selective
709,2,L,PHC,PHC,43,44,pos,3,2,137,30.00000000,23,False,0.04181818,3,stage,binned,is_selective
709,2,L,PHC,PHC,43,44,pos,3,3,-34,31.00000000,22,False,0.03005058,3,stage,binned,is_selective
709,2,L,PHC,PHC,43,45,pos,3,2,-184,60.00000000,53,False,-0.02942957,3,stage,binned,is_selective
709,2,L,PHC,PHC,43,45,pos,3,3,-112,44.00000000,37,False,-0.02896871,3,stage,binned,is_selective
709,2,L,PHC,PHC,43,45,pos,3,4,65,46.00000000,38,False,-0.02633874,3,stage,binned,is_selective
709,2,L,PHC,PHC,43,45,pos,3,5,-226,12.00000000,7,False,-0.05494505,3,stage,binned,is_selective
709,2,L,PHC,PHC,44,45,pos,1,2,-142,106.00000000,94,False,-0.00634658,3,stage,binned,is_selective
709,2,L,PHC,PHC,44,45,pos,1,3,-133,69.00000000,58,False,-0.00646332,3,stage,binned,is_selective
709,2,L,PHC,PHC,44,45,pos,1,4,-175,76.00000000,65,False,-0.01518260,3,stage,binned,is_selective
709,2,L,PHC,PHC,44,45,pos,1,5,-73,19.00000000,12,False,-0.00512237,3,stage,binned,is_selective
709,2,L,PHC,PHC,44,45,pos,2,2,-250,33.00000000,29,False,-0.01855869,3,stage,binned,is_selective
709,2,L,PHC,PHC,44,45,pos,2,3,-154,24.00000000,18,False,-0.01381112,3,stage,binned,is_selective
709,2,L,PHC,PHC,44,45,pos,2,4,-91,28.00000000,22,False,-0.03207367,3,stage,binned,is_selective
709,2,L,PHC,PHC,44,45,pos,2,5,-250,8.00000000,4,False,-0.09090909,3,stage,binned,is_selective
709,2,L,PHC,PHC,44,45,pos,3,2,-106,41.00000000,34,False,-0.00271528,3,stage,binned,is_selective
709,2,L,PHC,PHC,44,45,pos,3,3,26,28.00000000,22,False,-0.03432343,3,stage,binned,is_selective
709,2,L,PHC,PHC,44,45,pos,3,4,-133,30.00000000,25,False,-0.03079605,3,stage,binned,is_selective
709,2,L,PHC,PHC,44,45,pos,3,5,-118,9.00000000,5,False,-0.09658247,3,stage,binned,is_selective
709,2,R,PHC,PHC,93,96,pos,2,1,-19,95.00000000,100,True,0.00741851,3,stage,binned,is_selective
717,1,R,PHC,PHC,73,74,pos,1,1,-202,47.00000000,40,False,-0.02177446,3,stage,binned,is_selective
717,1,R,PHC,PHC,73,75,pos,1,1,-124,21.00000000,14,False,-0.01750973,3,stage,binned,is_selective
717,1,R,PHC,PHC,73,76,pos,1,1,8,60.00000000,65,True,0.03870883,3,stage,binned,is_selective
717,1,R,PHC,PHC,73,76,pos,1,2,-10,46.00000000,43,False,0.03606077,3,stage,binned,is_selective
717,1,R,PHC,PHC,73,78,pos,1,1,-82,104.00000000,99,False,-0.00735749,3,stage,binned,is_selective
717,1,R,PHC,PHC,73,79,pos,1,1,-79,73.00000000,63,False,0.00217459,3,stage,binned,is_selective
717,1,R,PHC,PHC,74,75,pos,1,1,-250,24.00000000,15,False,-0.02205576,3,stage,binned,is_selective
717,1,R,PHC,PHC,74,76,pos,1,1,44,68.00000000,56,False,0.00209108,3,stage,binned,is_selective
717,1,R,PHC,PHC,74,76,pos,1,2,80,47.00000000,39,False,0.03589927,3,stage,binned,is_selective
717,1,R,PHC,PHC,74,78,pos,1,1,8,130.00000000,143,True,0.03880693,3,stage,binned,is_selective
717,1,R,PHC,PHC,74,79,pos,1,1,74,75.01000000,65,False,-0.00371239,3,stage,binned,is_selective
717,1,R,PHC,PHC,75,76,pos,1,1,56,25.00000000,18,False,0.04402985,3,stage,binned,is_selective
717,1,R,PHC,PHC,75,76,pos,1,2,-250,19.00000000,14,False,0.01137539,3,stage,binned,is_selective
717,1,R,PHC,PHC,75,78,pos,1,1,71,39.01000000,32,False,-0.00591966,3,stage,binned,is_selective
717,1,R,PHC,PHC,75,79,pos,1,1,-13,37.00000000,30,False,-0.01104848,3,stage,binned,is_selective
717,1,R,PHC,PHC,76,78,pos,1,1,-103,133.00000000,131,False,-0.02386317,3,stage,binned,is_selective
717,1,R,PHC,PHC,76,79,pos,1,1,-7,95.00000000,90,False,0.01582889,3,stage,binned,is_selective
717,1,R,PHC,PHC,76,78,pos,2,1,-76,95.00000000,89,False,-0.02357460,3,stage,binned,is_selective
717,1,R,PHC,PHC,76,79,pos,2,1,5,70.01000000,62,False,0.02572279,3,stage,binned,is_selective
717,1,R,PHC,PHC,78,79,pos,1,1,-97,181.00000000,168,False,0.00597263,3,stage,binned,is_selective
704,5,L,PHC,PHC,34,36,pos,4,1,-4,52.00000000,56,True,0.00571782,3,stage,binned,is_selective
704,5,L,PHC,PHC,34,40,pos,4,1,41,58.00000000,48,False,0.00793000,3,stage,binned,is_selective
704,5,L,PHC,PHC,34,40,pos,4,2,-4,27.00000000,52,True,0.00069638,3,stage,binned,is_selective
704,5,L,PHC,PHC,36,40,pos,1,1,38,142.00000000,133,False,0.02619584,3,stage,binned,is_selective
704,5,L,PHC,PHC,36,40,pos,1,2,-13,50.00000000,41,False,-0.01068340,3,stage,binned,is_selective
709,4,L,PHC,PHC,41,42,pos,1,1,-67,377.00000000,352,False,-0.00464518,3,stage,binned,is_selective
709,4,L,PHC,PHC,41,42,pos,1,2,125,246.01000000,224,False,-0.01022759,3,stage,binned,is_selective
709,4,L,PHC,PHC,41,45,pos,1,3,-133,169.00000000,153,False,-0.03339932,3,stage,binned,is_selective
709,4,L,PHC,PHC,41,48,pos,1,1,-94,256.00000000,248,False,-0.05339043,3,stage,binned,is_selective
709,4,L,PHC,PHC,41,42,pos,4,1,-124,44.00000000,35,False,-0.00055960,3,stage,binned,is_selective
709,4,L,PHC,PHC,41,42,pos,4,2,-103,31.00000000,23,False,-0.03380197,3,stage,binned,is_selective
709,4,L,PHC,PHC,41,45,pos,4,3,20,22.00000000,17,False,0.02815071,3,stage,binned,is_selective
709,4,L,PHC,PHC,41,48,pos,4,1,-115,32.00000000,26,False,-0.04676561,3,stage,binned,is_selective
709,4,L,PHC,PHC,41,42,pos,5,1,-235,28.00000000,23,False,-0.00606761,3,stage,binned,is_selective
709,4,L,PHC,PHC,41,42,pos,5,2,-226,21.00000000,15,False,-0.03846154,3,stage,binned,is_selective
709,4,L,PHC,PHC,41,45,pos,5,3,-85,15.00000000,10,False,-0.01069519,3,stage,binned,is_selective
709,4,L,PHC,PHC,41,48,pos,5,1,-88,23.00000000,17,False,-0.07016061,3,stage,binned,is_selective
709,4,L,PHC,PHC,42,45,pos,1,3,-169,65.00000000,51,False,0.00089847,3,stage,binned,is_selective
709,4,L,PHC,PHC,42,48,pos,1,1,-34,148.00000000,128,False,0.00034467,3,stage,binned,is_selective
709,4,L,PHC,PHC,42,45,pos,2,3,-250,43.00000000,36,False,-0.02050761,3,stage,binned,is_selective
709,4,L,PHC,PHC,42,48,pos,2,1,77,93.00000000,80,False,0.00442870,3,stage,binned,is_selective
709,4,L,PHC,PHC,45,48,pos,3,1,44,45.00000000,40,False,0.02245563,3,stage,binned,is_selective
709,3,L,PHC,PHC,44,45,pos,1,1,-229,138.00000000,139,True,0.02104067,3,stage,binned,is_selective
709,3,L,PHC,PHC,44,45,pos,1,2,38,95.00000000,80,False,0.01904085,3,stage,binned,is_selective
709,3,L,PHC,PHC,44,45,pos,1,4,152,65.00000000,53,False,0.03125000,3,stage,binned,is_selective
709,3,L,PHC,PHC,44,46,pos,1,1,65,119.00000000,105,False,0.01452270,3,stage,binned,is_selective
709,3,L,PHC,PHC,44,46,pos,1,2,164,38.00000000,28,False,0.02848865,3,stage,binned,is_selective
709,3,L,PHC,PHC,44,47,pos,1,1,23,227.00000000,220,False,0.00493097,3,stage,binned,is_selective
709,3,L,PHC,PHC,44,47,pos,1,2,-250,16.00000000,10,False,0.04666667,3,stage,binned,is_selective
709,3,L,PHC,PHC,44,45,pos,2,1,149,149.00000000,151,True,0.02492754,3,stage,binned,is_selective
709,3,L,PHC,PHC,44,45,pos,2,2,119,97.00000000,84,False,0.02566055,3,stage,binned,is_selective
709,3,L,PHC,PHC,44,45,pos,2,4,152,69.00000000,58,False,0.00514580,3,stage,binned,is_selective
709,3,L,PHC,PHC,44,46,pos,2,1,194,116.00000000,112,False,0.03332937,3,stage,binned,is_selective
709,3,L,PHC,PHC,44,46,pos,2,2,149,36.00000000,26,False,-0.00456621,3,stage,binned,is_selective
709,3,L,PHC,PHC,44,47,pos,2,1,-88,232.00000000,234,True,-0.01753013,3,stage,binned,is_selective
709,3,L,PHC,PHC,44,47,pos,2,2,-175,14.00000000,8,False,-0.00324149,3,stage,binned,is_selective
709,3,L,PHC,PHC,44,45,pos,3,1,-235,88.00000000,87,False,0.02465182,3,stage,binned,is_selective
709,3,L,PHC,PHC,44,45,pos,3,2,212,58.00000000,52,False,0.00332396,3,stage,binned,is_selective
709,3,L,PHC,PHC,44,45,pos,3,4,-91,44.00000000,35,False,0.01098485,3,stage,binned,is_selective
709,3,L,PHC,PHC,44,46,pos,3,1,191,71.00000000,68,False,0.01357558,3,stage,binned,is_selective
709,3,L,PHC,PHC,44,46,pos,3,2,-250,23.00000000,16,False,0.01376721,3,stage,binned,is_selective
709,3,L,PHC,PHC,44,47,pos,3,1,-196,141.00000000,147,True,-0.02134486,3,stage,binned,is_selective
709,3,L,PHC,PHC,44,47,pos,3,2,-235,10.00000000,5,False,0.06964520,3,stage,binned,is_selective
709,3,L,PHC,PHC,44,45,pos,4,1,-250,85.00000000,87,True,0.01140964,3,stage,binned,is_selective
709,3,L,PHC,PHC,44,45,pos,4,2,56,61.00000000,54,False,0.03793935,3,stage,binned,is_selective
709,3,L,PHC,PHC,44,45,pos,4,4,173,44.00000000,36,False,0.03581474,3,stage,binned,is_selective
709,3,L,PHC,PHC,44,46,pos,4,1,-181,71.00000000,63,False,0.00355872,3,stage,binned,is_selective
709,3,L,PHC,PHC,44,46,pos,4,2,-130,23.00000000,15,False,0.02460078,3,stage,binned,is_selective
709,3,L,PHC,PHC,44,47,pos,4,1,-73,138.01000000,131,False,-0.00336168,3,stage,binned,is_selective
709,3,L,PHC,PHC,44,47,pos,4,2,101,10.00000000,6,False,0.05626598,3,stage,binned,is_selective
709,3,L,PHC,PHC,44,45,pos,5,1,-172,39.00000000,34,False,-0.00374680,3,stage,binned,is_selective
709,3,L,PHC,PHC,44,45,pos,5,2,14,28.00000000,20,False,0.03552279,3,stage,binned,is_selective
709,3,L,PHC,PHC,44,45,pos,5,4,-91,20.00000000,13,False,0.02584896,3,stage,binned,is_selective
709,3,L,PHC,PHC,44,46,pos,5,1,-175,30.00000000,25,False,0.00404858,3,stage,binned,is_selective
709,3,L,PHC,PHC,44,46,pos,5,2,68,10.00000000,6,False,0.01851852,3,stage,binned,is_selective
709,3,L,PHC,PHC,44,47,pos,5,1,203,58.00000000,56,False,0.01234004,3,stage,binned,is_selective
709,3,L,PHC,PHC,44,47,pos,5,2,-250,5.00000000,3,False,-0.09578544,3,stage,binned,is_selective
709,3,L,PHC,PHC,45,46,pos,1,1,17,408.00000000,432,True,0.03023705,3,stage,binned,is_selective
709,3,L,PHC,PHC,45,46,pos,1,2,26,103.00000000,97,False,0.07973471,3,stage,binned,is_selective
709,3,L,PHC,PHC,45,47,pos,1,1,17,435.00000000,436,True,0.03169313,3,stage,binned,is_selective
709,3,L,PHC,PHC,45,47,pos,1,2,89,27.00000000,19,False,0.07510174,3,stage,binned,is_selective
709,3,L,PHC,PHC,45,46,pos,2,1,8,228.00000000,237,True,0.04222626,3,stage,binned,is_selective
709,3,L,PHC,PHC,45,46,pos,2,2,17,62.00000000,58,False,0.11498623,3,stage,binned,is_selective
709,3,L,PHC,PHC,45,47,pos,2,1,47,249.00000000,244,False,0.02017740,3,stage,binned,is_selective
709,3,L,PHC,PHC,45,47,pos,2,2,185,17.00000000,12,False,0.06122449,3,stage,binned,is_selective
709,3,L,PHC,PHC,45,46,pos,4,1,26,172.00000000,177,True,0.04678270,3,stage,binned,is_selective
709,3,L,PHC,PHC,45,46,pos,4,2,-13,46.00000000,40,False,0.09117486,3,stage,binned,is_selective
709,3,L,PHC,PHC,45,47,pos,4,1,53,185.00000000,181,False,0.03336998,3,stage,binned,is_selective
709,3,L,PHC,PHC,45,47,pos,4,2,-130,13.00000000,7,False,0.06095238,3,stage,binned,is_selective
709,3,L,PHC,PHC,46,47,pos,1,1,20,323.00000000,334,True,0.01423686,3,stage,binned,is_selective
709,3,L,PHC,PHC,46,47,pos,1,2,5,23.00000000,17,False,0.07139690,3,stage,binned,is_selective
709,3,L,PHC,PHC,46,47,pos,2,1,41,82.00000000,74,False,0.00408889,3,stage,binned,is_selective
709,3,L,PHC,PHC,46,47,pos,2,2,-235,7.00000000,3,False,0.03759398,3,stage,binned,is_selective
709,3,R,PHC,PHC,91,94,pos,1,1,-1,58.00000000,59,True,-0.08086785,3,stage,binned,is_selective
709,3,R,PHC,PHC,91,96,pos,1,1,11,257.00000000,309,True,0.02282669,3,stage,binned,is_selective
709,3,R,PHC,PHC,94,96,pos,1,1,-43,88.00000000,88,False,0.03459557,3,stage,binned,is_selective
704,3,L,PHC,PHC,36,37,pos,2,1,-211,39.00000000,29,False,-0.03630214,3,stage,binned,is_selective
704,3,L,PHC,PHC,36,38,pos,2,1,-7,35.00000000,35,False,-0.05434510,3,stage,binned,is_selective
704,3,L,PHC,PHC,36,38,pos,2,2,-1,35.00000000,27,False,0.02118969,3,stage,binned,is_selective
704,3,L,PHC,PHC,36,37,pos,4,1,215,18.00000000,13,False,-0.01019860,3,stage,binned,is_selective
704,3,L,PHC,PHC,36,38,pos,4,1,-169,16.00000000,10,False,-0.02472527,3,stage,binned,is_selective
704,3,L,PHC,PHC,36,38,pos,4,2,59,16.00000000,11,False,0.00336700,3,stage,binned,is_selective
704,3,L,PHC,PHC,37,38,pos,1,1,-97,60.00000000,51,False,-0.00663130,3,stage,binned,is_selective
704,3,L,PHC,PHC,37,38,pos,1,2,137,60.00000000,50,False,0.03496130,3,stage,binned,is_selective
713,2,R,PHC,PHC,90,92,pos,1,1,-157,166.00000000,154,False,-0.05863150,3,stage,binned,is_selective
713,2,R,PHC,PHC,90,92,pos,1,2,-70,119.00000000,105,False,-0.05366908,3,stage,binned,is_selective
713,2,R,PHC,PHC,90,92,pos,1,4,-109,125.00000000,111,False,-0.05326015,3,stage,binned,is_selective
713,2,R,PHC,PHC,90,92,pos,1,6,-217,56.00000000,47,False,-0.05364591,3,stage,binned,is_selective
704,1,L,PHC,PHC,34,38,pos,3,5,-124,26.00000000,19,False,-0.00880411,3,stage,binned,is_selective
713,1,R,PHC,PHC,90,92,pos,1,1,-178,56.00000000,49,False,-0.05974316,3,stage,binned,is_selective
713,1,R,PHC,PHC,90,92,pos,1,6,-121,12.00000000,7,False,-0.05957447,3,stage,binned,is_selective
713,1,R,PHC,PHC,90,94,pos,1,3,-106,23.00000000,17,False,0.04450042,3,stage,binned,is_selective
713,1,R,PHC,PHC,90,92,pos,4,1,-160,10.00000000,5,False,-0.03105590,3,stage,binned,is_selective
713,1,R,PHC,PHC,90,92,pos,4,6,-151,3.00000000,1,False,-0.14285714,3,stage,binned,is_selective
713,1,R,PHC,PHC,90,94,pos,4,3,-40,6.00000000,3,False,0.02140673,3,stage,binned,is_selective
713,1,R,PHC,PHC,92,94,pos,1,3,-13,27.00000000,20,False,0.05976096,3,stage,binned,is_selective
713,1,R,PHC,PHC,92,94,pos,6,3,59,6.00000000,3,False,0.14845938,3,stage,binned,is_selective
702,1,R,PHC,PHC,89,90,pos,1,1,-145,5.00000000,2,False,-0.03333333,3,stage,binned,is_selective
702,1,R,PHC,PHC,89,95,pos,1,3,-25,3.00000000,1,False,-0.17391304,3,stage,binned,is_selective
702,1,R,PHC,PHC,89,95,pos,1,6,-250,2.00000000,0,False,0.01960784,3,stage,binned,is_selective
702,1,R,PHC,PHC,89,90,pos,2,1,-61,5.00000000,2,False,0.00000000,3,stage,binned,is_selective
702,1,R,PHC,PHC,89,95,pos,2,3,-250,2.00000000,0,False,-0.08823529,3,stage,binned,is_selective
702,1,R,PHC,PHC,89,95,pos,2,6,-250,1.00000000,0,False,0.25925926,3,stage,binned,is_selective
702,1,R,PHC,PHC,90,95,pos,1,3,-250,4.00000000,1,False,-0.06410256,3,stage,binned,is_selective
702,1,R,PHC,PHC,90,95,pos,1,6,-250,2.00000000,0,False,-0.05882353,3,stage,binned,is_selective
706,1,R,PHC,PHC,61,62,pos,2,4,-73,8.00000000,4,False,-0.00374532,3,stage,binned,is_selective
706,1,R,PHC,PHC,61,63,pos,2,5,-205,5.00000000,2,False,-0.10000000,3,stage,binned,is_selective
706,1,R,PHC,PHC,62,63,pos,4,5,-202,3.00000000,1,False,-0.11320755,3,stage,binned,is_selective
709,1,L,PHC,PHC,44,45,pos,4,1,-49,40.00000000,32,False,0.01273221,3,stage,binned,is_selective
709,1,L,PHC,PHC,44,45,pos,4,4,-13,15.00000000,10,False,0.07929176,3,stage,binned,is_selective
709,1,L,PHC,PHC,44,46,pos,4,1,107,70.00000000,64,False,0.04094670,3,stage,binned,is_selective
709,1,L,PHC,PHC,44,46,pos,4,4,-184,6.00000000,3,False,-0.00278552,3,stage,binned,is_selective
709,1,L,PHC,PHC,44,48,pos,4,1,-28,62.00000000,53,False,-0.00677541,3,stage,binned,is_selective
709,1,L,PHC,PHC,44,48,pos,4,2,-76,37.00000000,29,False,-0.00609185,3,stage,binned,is_selective
709,1,L,PHC,PHC,44,48,pos,4,3,-250,11.00000000,6,False,-0.03703704,3,stage,binned,is_selective
709,1,L,PHC,PHC,45,46,pos,1,1,23,220.00000000,249,True,0.04944774,3,stage,binned,is_selective
709,1,L,PHC,PHC,45,46,pos,1,4,131,14.00000000,10,False,0.08634223,3,stage,binned,is_selective
709,1,L,PHC,PHC,45,48,pos,1,1,-10,211.00000000,205,False,0.01652760,3,stage,binned,is_selective
709,1,L,PHC,PHC,45,48,pos,1,2,-19,124.00000000,121,False,0.00041174,3,stage,binned,is_selective
709,1,L,PHC,PHC,45,48,pos,1,3,-88,28.00000000,23,False,-0.04187273,3,stage,binned,is_selective
709,1,L,PHC,PHC,45,46,pos,4,1,14,68.00000000,66,False,0.03521902,3,stage,binned,is_selective
709,1,L,PHC,PHC,45,46,pos,4,4,-136,6.00000000,3,False,0.00000000,3,stage,binned,is_selective
709,1,L,PHC,PHC,45,48,pos,4,1,17,60.00000000,54,False,0.03000644,3,stage,binned,is_selective
709,1,L,PHC,PHC,45,48,pos,4,2,-22,37.00000000,31,False,-0.02608291,3,stage,binned,is_selective
709,1,L,PHC,PHC,45,48,pos,4,3,-58,10.00000000,6,False,-0.09549072,3,stage,binned,is_selective
709,1,L,PHC,PHC,46,48,pos,1,1,20,363.00000000,386,True,0.00695518,3,stage,binned,is_selective
709,1,L,PHC,PHC,46,48,pos,1,2,-19,202.00000000,197,False,-0.01423252,3,stage,binned,is_selective
709,1,L,PHC,PHC,46,48,pos,1,3,-37,49.00000000,44,False,-0.07142857,3,stage,binned,is_selective
709,1,L,PHC,PHC,46,48,pos,4,1,17,20.00000000,15,False,0.03222506,3,stage,binned,is_selective
709,1,L,PHC,PHC,46,48,pos,4,2,-70,13.00000000,8,False,-0.03013183,3,stage,binned,is_selective
709,1,L,PHC,PHC,46,48,pos,4,3,-172,4.01000000,2,False,-0.01930502,3,stage,binned,is_selective
709,1,R,PHC,PHC,91,92,pos,2,1,-19,24.00000000,27,True,-0.06688824,3,stage,binned,is_selective
709,1,R,PHC,PHC,91,93,pos,2,1,-13,72.00000000,89,True,-0.03440929,3,stage,binned,is_selective
709,1,R,PHC,PHC,91,93,pos,2,2,-25,26.00000000,27,True,-0.09950438,3,stage,binned,is_selective
709,1,R,PHC,PHC,91,93,pos,2,3,-16,52.00000000,57,True,-0.06530932,3,stage,binned,is_selective
709,1,R,PHC,PHC,91,95,pos,2,1,-7,41.00000000,53,True,0.01898869,3,stage,binned,is_selective
709,1,R,PHC,PHC,91,96,pos,2,1,11,201.00000000,233,True,0.01590982,3,stage,binned,is_selective
709,1,R,PHC,PHC,91,96,pos,2,2,38,116.00000000,123,True,0.02285816,3,stage,binned,is_selective
709,1,R,PHC,PHC,91,92,pos,3,1,-13,21.00000000,21,False,-0.10988460,3,stage,binned,is_selective
709,1,R,PHC,PHC,91,93,pos,3,1,-13,71.00000000,83,True,-0.08356848,3,stage,binned,is_selective
709,1,R,PHC,PHC,91,93,pos,3,2,-34,24.00000000,22,False,-0.15704584,3,stage,binned,is_selective
709,1,R,PHC,PHC,91,93,pos,3,3,-22,47.00000000,46,False,-0.13738250,3,stage,binned,is_selective
709,1,R,PHC,PHC,91,95,pos,3,1,-13,41.00000000,48,True,-0.06069364,3,stage,binned,is_selective
709,1,R,PHC,PHC,91,96,pos,3,1,8,205.00000000,231,True,-0.00711597,3,stage,binned,is_selective
709,1,R,PHC,PHC,91,96,pos,3,2,5,122.00000000,124,True,-0.00992584,3,stage,binned,is_selective
709,1,R,PHC,PHC,91,92,pos,4,1,-52,11.00000000,9,False,-0.11211778,3,stage,binned,is_selective
709,1,R,PHC,PHC,91,93,pos,4,1,-25,29.00000000,31,True,-0.06815366,3,stage,binned,is_selective
709,1,R,PHC,PHC,91,93,pos,4,2,-28,11.00000000,10,False,-0.17406143,3,stage,binned,is_selective
709,1,R,PHC,PHC,91,93,pos,4,3,-100,21.00000000,18,False,-0.15201554,3,stage,binned,is_selective
709,1,R,PHC,PHC,91,95,pos,4,1,-16,18.00000000,18,False,-0.00418410,3,stage,binned,is_selective
709,1,R,PHC,PHC,91,96,pos,4,1,5,80.00000000,87,True,0.01690930,3,stage,binned,is_selective
709,1,R,PHC,PHC,91,96,pos,4,2,2,48.00000000,46,False,0.00278278,3,stage,binned,is_selective
709,1,R,PHC,PHC,92,93,pos,1,1,2,32.00000000,32,False,0.04743194,3,stage,binned,is_selective
709,1,R,PHC,PHC,92,93,pos,1,2,26,12.00000000,10,False,0.05252317,3,stage,binned,is_selective
709,1,R,PHC,PHC,92,93,pos,1,3,2,27.00000000,28,True,0.00208189,3,stage,binned,is_selective
709,1,R,PHC,PHC,92,95,pos,1,1,-7,16.00000000,13,False,0.05016722,3,stage,binned,is_selective
709,1,R,PHC,PHC,92,96,pos,1,1,-19,78.00000000,81,True,0.04372641,3,stage,binned,is_selective
709,1,R,PHC,PHC,92,96,pos,1,2,29,47.00000000,45,False,0.01789332,3,stage,binned,is_selective
709,1,R,PHC,PHC,93,95,pos,1,1,5,63.00000000,74,True,0.06279575,3,stage,binned,is_selective
709,1,R,PHC,PHC,93,96,pos,1,1,14,295.01000000,344,True,0.02596960,3,stage,binned,is_selective
709,1,R,PHC,PHC,93,96,pos,1,2,8,170.00000000,179,True,0.02598941,3,stage,binned,is_selective
709,1,R,PHC,PHC,93,95,pos,2,1,8,20.00000000,20,False,0.10557769,3,stage,binned,is_selective
709,1,R,PHC,PHC,93,96,pos,2,1,14,87.00000000,85,False,0.05318450,3,stage,binned,is_selective
709,1,R,PHC,PHC,93,96,pos,2,2,83,52.00000000,50,False,0.05822711,3,stage,binned,is_selective
709,1,R,PHC,PHC,93,95,pos,3,1,14,42.00000000,38,False,0.08345473,3,stage,binned,is_selective
709,1,R,PHC,PHC,93,96,pos,3,1,20,194.00000000,214,True,0.06928105,3,stage,binned,is_selective
709,1,R,PHC,PHC,93,96,pos,3,2,2,110.00000000,107,False,0.06356471,3,stage,binned,is_selective
709,1,R,PHC,PHC,95,96,pos,1,1,-16,163.00000000,177,True,0.01582278,3,stage,binned,is_selective
709,1,R,PHC,PHC,95,96,pos,1,2,-16,99.00000000,100,True,0.00860338,3,stage,binned,is_selective
703,2,L,PHC,PHC,27,29,pos,1,2,-142,5.00000000,2,False,-0.02202643,3,stage,binned,is_selective
703,2,L,PHC,PHC,27,29,pos,1,17,-250,1.00000000,0,False,0.05263158,3,stage,binned,is_selective
703,2,L,PHC,PHC,27,29,pos,2,2,-232,5.00000000,2,False,-0.03496503,3,stage,binned,is_selective
703,2,L,PHC,PHC,27,29,pos,2,17,-250,1.00000000,0,False,0.25000000,3,stage,binned,is_selective
704,2,L,PHC,PHC,35,38,pos,1,2,20,136.00000000,121,False,0.00202798,3,stage,binned,is_selective
704,2,L,PHC,PHC,35,38,pos,1,3,5,43.00000000,35,False,-0.01986755,3,stage,binned,is_selective
704,2,L,PHC,PHC,35,38,pos,1,4,-187,58.00000000,46,False,-0.00027732,3,stage,binned,is_selective
704,2,L,PHC,PHC,35,38,pos,1,6,-202,24.00000000,15,False,0.02849958,3,stage,binned,is_selective
704,2,L,PHC,PHC,35,38,pos,2,2,8,80.00000000,69,False,0.02670177,3,stage,binned,is_selective
704,2,L,PHC,PHC,35,38,pos,2,3,11,26.00000000,19,False,-0.00180701,3,stage,binned,is_selective
704,2,L,PHC,PHC,35,38,pos,2,4,35,37.00000000,27,False,0.01965484,3,stage,binned,is_selective
704,2,L,PHC,PHC,35,38,pos,2,6,-160,16.00000000,10,False,-0.00737760,3,stage,binned,is_selective
704,2,L,PHC,PHC,35,38,pos,4,2,26,31.00000000,24,False,0.04653205,3,stage,binned,is_selective
704,2,L,PHC,PHC,35,38,pos,4,3,95,11.00000000,6,False,0.03264813,3,stage,binned,is_selective
704,2,L,PHC,PHC,35,38,pos,4,4,-37,15.00000000,9,False,0.04870624,3,stage,binned,is_selective
704,2,L,PHC,PHC,35,38,pos,4,6,-124,7.00000000,3,False,0.02921348,3,stage,binned,is_selective
704,2,L,PHC,PHC,35,38,pos,5,2,26,21.00000000,15,False,0.01376147,3,stage,binned,is_selective
704,2,L,PHC,PHC,35,38,pos,5,3,8,8.00000000,4,False,0.07809524,3,stage,binned,is_selective
704,2,L,PHC,PHC,35,38,pos,5,4,11,11.00000000,6,False,0.05275779,3,stage,binned,is_selective
704,2,L,PHC,PHC,35,38,pos,5,6,-169,5.00000000,2,False,-0.00684932,3,stage,binned,is_selective
709,3,L,PHC,PHC,44,47,pos,1,1,23,227.00000000,220,False,0.00493097,3,stage,binned,is_inv
709,3,L,PHC,PHC,44,47,pos,1,2,-250,16.00000000,10,False,0.04666667,3,stage,binned,is_inv
709,2,L,PHC,PHC,41,43,pos,1,1,62,345.00000000,339,False,0.00077976,3,stage,binned,is_inv
709,2,L,PHC,PHC,41,44,pos,1,1,56,300.00000000,276,False,0.01072489,3,stage,binned,is_inv
709,2,L,PHC,PHC,41,45,pos,1,4,-22,379.00000000,386,True,-0.04189435,3,stage,binned,is_inv
709,2,L,PHC,PHC,43,44,pos,1,1,62,145.00000000,131,False,0.00344744,3,stage,binned,is_inv
709,2,L,PHC,PHC,43,45,pos,1,4,-175,79.00000000,73,False,-0.00635158,3,stage,binned,is_inv
709,2,L,PHC,PHC,44,45,pos,1,4,-175,76.00000000,65,False,-0.01518260,3,stage,binned,is_inv
